epoch,train_mse,val_mse:,runtime
0,,,0.08841693003972372
0,,,0.0806193470954895
0,,,0.08956520954767863
1,,,0.17020076115926105
2,,,0.2513215104738871
0,,,0.09299569924672445
1,,,0.1725766181945801
2,,,0.2518106420834859
